{"cameraMode":{"drawMode":0,"name":"Shaded","section":"Shading Mode"},"sceneLighting":true,"audioPlay":false,"sceneViewState":{"showFog":false,"showMaterialUpdate":true,"showSkybox":true,"showFlares":true,"showImageEffects":true,"showParticleSystems":true},"in2DMode":false,"pivot":{"x":-4.737675189971924,"y":-5.8315887451171879,"z":4.918576240539551},"rotation":{"x":0.5990718007087708,"y":-0.3302735984325409,"z":0.2970011234283447,"w":0.6663469076156616},"size":91.5983657836914,"orthographic":false}